{"cameraMode":{"drawMode":0,"name":"Shaded","section":"Shading Mode"},"sceneLighting":false,"audioPlay":false,"sceneViewState":{"m_AlwaysRefresh":true,"showFog":true,"showSkybox":true,"showFlares":true,"showImageEffects":true,"showParticleSystems":true,"showVisualEffectGraphs":true,"m_FxEnabled":true},"in2DMode":false,"pivot":{"x":0.664324164390564,"y":5.856189727783203,"z":-6.972211837768555},"rotation":{"x":-0.37471964955329897,"y":0.14019864797592164,"z":-0.057453423738479617,"w":-0.9147046208381653},"size":17.602252960205079,"orthographic":false}